Food product,Land use change,Animal Feed,Farm,Processing,Transport,Packging,Retail,Total_emissions,Eutrophying emissions per 1000kcal (gPO₄eq per 1000kcal),Eutrophying emissions per kilogram (gPO₄eq per kilogram),Eutrophying emissions per 100g protein (gPO₄eq per 100 grams protein),Freshwater withdrawals per 1000kcal (liters per 1000kcal),Freshwater withdrawals per 100g protein (liters per 100g protein),Freshwater withdrawals per kilogram (liters per kilogram),Greenhouse gas emissions per 1000kcal (kgCO₂eq per 1000kcal),Greenhouse gas emissions per 100g protein (kgCO₂eq per 100g protein),Land use per 1000kcal (m² per 1000kcal),Land use per kilogram (m² per kilogram),Land use per 100g protein (m² per 100g protein),Scarcity-weighted water use per kilogram (liters per kilogram),Scarcity-weighted water use per 100g protein (liters per 100g protein),Scarcity-weighted water use per 1000kcal (liters per 1000 kilocalories)
Potatoes,0.0,0.0,0.2,0.0,0.1,0.0,0.0,0.30000000000000004,4.7540983610000005,3.48,20.47058824,80.73770492,347.6470588,59.1,0.628415301,2.7058823530000002,1.202185792,0.88,5.176470588,2754.2,16201.176469999999,3762.568306
Tomatoes,0.4,0.0,0.7,0.0,0.2,0.1,0.0,1.4000000000000001,39.52631579,7.51,68.27272727,1946.315789,3361.818182,369.8,11.0,19.0,4.210526316,0.8,7.272727272999999,5335.7,48506.363639999996,28082.63158
Apples,0.0,0.0,0.2,0.0,0.1,0.0,0.0,0.30000000000000004,3.020833333,1.45,48.33333333,375.2083333,6003.333333,180.1,0.895833333,14.33333333,1.3125,0.63,21.0,12948.6,431620.0,26976.25
Beef (beef herd),16.3,1.9,39.4,1.3,0.3,0.2,0.2,59.599999999999994,110.4065934,301.41,151.1584754,531.5750916000001,727.7833501,1451.2,36.43956044,49.88966901,119.4908425,326.21,163.5957874,34732.5,17418.50552,12722.52747
Beef (dairy herd),0.9,2.5,15.7,1.1,0.4,0.3,0.2,21.099999999999998,133.8058608,365.29,185.0506586,994.2490842,1375.0253289999998,2714.3,12.1978022,16.86930091,15.83882784,43.24,21.904761899999997,119805.2,60691.590679999994,43884.68864

